datetime,doc_id,sent_idx,sent
2017-09-04 06:00:00,444741,0,"Jakarta - bank Indonesia (BI) telah memutuskan untuk menurunkan Suku Bunga acuan BI 7-day Reverse Repo Rate (BI 7-day RR Rate) menjadi sebesar 4,5 persen dari sebelumnya 4,75%."
2017-09-04 06:00:00,444741,1,Dengan diturunkannya bunga acuan ini diharapkan bisa ikut menurunkan Suku Bunga perbankan.
2017-09-04 06:00:00,444741,2,"Namun begitu, Gubernur Bank Indonesia Agus Martowardojo mengingatkan agar perbankan bisa melakukan eflsiensi."
2017-09-04 06:00:00,444741,3,"neraca  Dengan melakukan efisiensi, kata Agus, maka bisa mendorong perbankan bisa menurunkan Suku Bunga perbankan."
2017-09-04 06:00:00,444741,4,Salah satu yang bisa diturunkan oleh perbankan adalah rasio net interest margin (NIM).
2017-09-04 06:00:00,444741,5,"""Memang perbankan dilakukan kajian publik perlu meningkatkan efisiensinya sehingga biaya over head atau NIM-nya bisa dikecilkan,""  kata Gubernur BI Agus di Jakarta, akhir pekan kemarin."
2017-09-04 06:00:00,444741,6,"Dirinya menambahkan, penurunan Suku Bunga kredit maupun Suku Bunga deposito diharapkan dapat mendorong pertumbuhan kredit Dengan begitu, maka perbankan bisa memiliki peran yang lebih baik terhadap perekonomian."
2017-09-04 06:00:00,444741,7,"Selain itu, bank sentral juga mendorong perbankan untuk berperan untuk mendukung pembiayaan kepada korporasi di berbagai Sektor."
2017-09-04 06:00:00,444741,8,Di antaranya adalah komoditas serta pendukungnya yang masih terbatas mendapat pembiayaan karena harga komoditas yang masih naik-turun.
2017-09-04 06:00:00,444741,9,"""Indonesia kan banyak ekspor komoditas, mulai dari kelapa sawit, batubara, sampai tembaga, timah dan lain-lain."
2017-09-04 06:00:00,444741,10,"Dan perbankan masih memberikan perhatian kepada industri konstruksi dan juga industri perdagangan, jadi hal ini yang kita lihatke depan,"" jelas dia."
2017-09-04 06:00:00,444741,11,"Lebih lanjut, BI mengaku optimistis jika pertumbuhan ekonomi Indonesia di semester dua akan lebih baik dibandingkan dengan semestersatu."
2017-09-04 06:00:00,444741,12,Dengan begitu konsolidasi perbankan serta korporasi dapat berlanjut hingga mendorong pertumbuhan kredit  Redaksi
2017-09-04 06:00:00,444742,0,PT Bursa Efek Indonesia (BEI) Perwakilan Denpasar Bali menyampaikan optimistis realisasi transaksi saham selama tahun 2017 mencapai kisaran Rp7 triliun hingga RplO triliun karena didukung kondisi ekonomi yang kondusif.
2017-09-04 06:00:00,444742,1,"""Kami optimis karena hingga Juli sudah mencapai Rp5 triliun,"" kata Kepala BEI Perwakilan Denpasar, I Gusti Agus Andiyasa di Denpasar, kemarin."
2017-09-04 06:00:00,444742,2,"Menurut Agus, realisasi transaksi saham selama tahun 2016 mencapai sekitar Rp5 triliun seliingga pihaknya optimistis targd tahu ini melampaui tahun sebelumnya."
2017-09-04 06:00:00,444742,3,"OptimiSME sendiri salah satunya berangkat dari kebijakan bank Indonesia yang menurunkan Suku Bunga acuan ""BI seven days repo rate"" sebanyak 25 basis poin dari 4,75% menjadi 4,5%."
2017-09-04 06:00:00,444742,4,Sehingga hal itu menarik investor yang biasanya menyimpan dana di bank untuk mengalahkan dananya ke Sektor pasar modal.
2017-09-04 06:00:00,444742,4.1,"Kondisi ekonomi nasional dan global sedang bagus dan edukasi yang kami lakukan juga cukup kencang sehingga ini akan mendongkrak pasar modal,"" imbuh Agus."
2017-09-04 06:00:00,444742,5,Selain itu pel tumbuhan ekonomi di Bali yang tumbuh positif juga ikui mendongkrak industri pasar modal.
2017-09-04 06:00:00,444742,6,"Badan Pusat Statistik Bali mengatakan perekonomian di Pulau Dewata pada triwulan kedua tahun 2017 tumbuh sebesar 5,87% atau melebihi pertumbuhan ekonomi secara nasional pada periode yang sama yang tercatat 5.01%  bani"
2017-09-04 06:00:00,444743,0,"NERACA  Denpasar - PT Bursa Efek Indonesia (BEI) Perwakilan Denpasar, Bali menyampaikan optimistis penurunan Suku Bunga acuan bank Indonesia ""seven days repo rate"" menjadi 4,5% akan mendongkrak pasar modal seiring sosialisasi yang gencar dilakukan kepada pelaku usaha dan mahasiswa."
2017-09-04 06:00:00,444743,1,"""Secara makro, jika Suku Bunga BI turun maka berdampak positif kepada pasar modal karena investor akan mengalihkan dari perbankan ke Sektor lain seperti pasar modal,"" kata Kepala BEI Perwakilan Denpasar, I Gusti Agus Andiyasa di Denpasar, kemarin."
2017-09-04 06:00:00,444743,2,"Menurut Agus, peralihan dana investor dari perbankan ke pasar modal berlangsung cepat ketika penurunan Suku Bunga acuan dari bank sentral Indonesia itu telah ditetapkan."
2017-09-04 06:00:00,444743,3,"Sedangkan jumlah investor yang akan ""hijrah"" kepasar modal juga dapat melonjak tergantung dari sosialisasi dan edukasiyangdiberikan."
2017-09-04 06:00:00,444743,4,"BEI Denpasar mengintensifkan sosialisasi dan edukasi kepadacalon investor dengan menyasar lapisan masyarakat seperti pelaku usaha, mahasiswa, institusi pemerintahan hingga ibu rumah tangga."
2017-09-04 06:00:00,444743,5,"Untuk merangsang pertumbuhan lebih tinggi pascapenurunan Suku Bunga acuan tersebut, pihaknya berupaya menciptakan suasana kondusif secara teratur dan efisien agar tidak menimbulkan sentimen negatif di pasar modal."
2017-09-04 06:00:00,444743,6,"Pihaknya mendorong perusahaan untuk ""go public"" atau melakukan penawaran saham di lantai bursa termasuk perusahaan di daerah."
2017-09-04 06:00:00,444743,6.1,"Permintaan terbentuk karena ada suplai dan kami akan mengadakan ekspos untuk mendekatkan emiten dengan calon investor,"" ucapnya."
2017-09-04 06:00:00,444743,7,"Dalam waktu dekat, Agus menambahkan pihaknya juga akan memboyong sebanyak 10 perusahaan nasional yang sudah bermain dipasarmodal memaparkan kinerja kepada calon investor di Denpasar."
2017-09-04 06:00:00,444743,7.1,"Saat ini total ada 555 perusahaan yang tercatat melantai di bursa saham, tiga di antaranya berasal dari perusahaan dari Bali."
2017-09-04 06:00:00,444743,8,"Tiga emiten atau perusahaan dari Bali yang sudah melantai di bursa saham yakni PT Bali Tower-indo Sentra Tbk, PT Bukit Uluwatu Villa Tbk, dan PT Island Concepts Indonesia Tbk."
2017-09-04 06:00:00,444743,9,"Pendanaan melalui pasar modal, lanjut dia, memiliki nilai tambah bagi dunia usaha karena mempertemukan langsung kelebihan dana pada masyarakat dengan kebutuhan dana oleh perusahaan."
2017-09-04 06:00:00,444743,10,ekonomi daerah juga akan semakin meningkat apabila makin banyak perusahaan daerah yang me-manfaatkanpasarmodal sehingga mendorong munculnya sentra-sentra ekonomi yang lebih merata.
2017-09-04 06:00:00,444743,11,bani
2017-09-04 06:00:00,444744,0,"Pakar statistik dan konsultan manajemen AS, William Eduard Deming, pernah menyatakan bahwa inflasi dapat terjadi apabila produktivitas dan kualitas sebuah produk berkurang, tetapi tingkat laba harus terus dijaga."
2017-09-04 06:00:00,444744,1,
2017-09-04 06:00:00,444744,2,"Hal tersebut, lanjutnya, karena agar jumlah keuntungan tetap sama seperti sebelum produktivitas berkurang, maka tingkat harga terpaksa dinaikkan."
2017-09-04 06:00:00,444744,3,"inflasi, sebagaimana kerap diketahui, merupakan sebuah momok dalam negara karena kerap diasosiakan dengan fenomena di mana har ;a beragam hal meningkat tajam."
2017-09-04 06:00:00,444744,4,"Untuk itu, biasanya kebijakan ekonomi yang konvensional adalah menjaga agar inflasi tetap terjaga, tetapi juga bukan berani terjatuh pada deflasi karena akan menjurus ke stagnasi ekonomi."
2017-09-04 06:00:00,444744,5,"Permasalahan inflasi pun kerap dihubungkan dengan beragam hal, seperti Wakil Ketua Komisi FV DPR Herman Khacron png berharap persoalan terkait dengan harga pembelian pemerintah (HPP) sejumlah komoditas dikelola dengan baik agar tidak menjadi potensi peningkatan inflasi pada masa mendatang."
2017-09-04 06:00:00,444744,6,Wakil Ketua Komisi IV DPR Herman Khaeron menyatakan ada kecemasan sejumlah pihak bila HPP naik maka akan dapat mengakibatkan dampak terhadap harga di pasaran dan juga mengakibatkan inflasi.
2017-09-04 06:00:00,444744,7,"Untuk iui, ujar dia, Komisi IV akan melibatkan Kementerian Pertanian, Kementerian Perdagangan, Kementerian Perindustrian dan Semuanya akan di bawah koordinasi Menteri Koordinator Perekonomian karena hal ini juga menyangkut persoalan multisek-tor."
2017-09-04 06:00:00,444744,8,"Sebelumnya, lembaga Center for Indonesian Police Studies (CIPS) mengingatkan agar kebijakan HPP jangan justru melemahkan kekuatan negosiasipetani terhadap pihak perantara."
2017-09-04 06:00:00,444744,9,"Menurut peneliti CIPS Hizkia Respatiadi, kebijakan HPP harga yang ditetapkan Bulog ketika mereka lembeli beras dari pe tani dinilai justru melemahkan posisi petani ketika mereka menjual hasil panennya karena pihak perantara dapat hanya bersedia membeli beras dengan harga yang tidak terlalu jauh dari HPP."
2017-09-04 06:00:00,444744,10,"Dengan kata lain, ujar Hiaka, meskipun dibuat dengan tujuan yang baik, kebijakan HPP ini dinilai justru dapat dimanfaatkan secara tidak adil oleh pihak perantara untUKMenekanharga pembeli an beras daripara petani miskin,"" paparnya."
2017-09-04 06:00:00,444744,11,"Hal itu, ujar dia, mengakibatkan petani sulit untUKMemper-oleh harga panen yang layak dan sepadan dengan jerih payahnya."
2017-09-04 06:00:00,444744,12,"laga Daya Beli Terkait dengan inflasi, Kepala Badan Pusat Statistik (BPS) Suhariyanto menilai laju inflasi yang  terkendali hingga pertengahan 2017 bisa menjaga daya beli masyarakat dan mendorong kinerja konsumsi rumah tangga."
2017-09-04 06:00:00,444744,13,"""Idealnya kalau inflasi terkendali, daya beli juga lebih bagus,"" kata Suhariyanto dalam jumpa pers di Jakarta!"
2017-09-04 06:00:00,444744,14,Selasa (1/8).
2017-09-04 06:00:00,444744,15,Suhariyanto menjelaskan harga bahari makanan maupun Tarif Sektor jasa yang relatif terjaga bisa memancingminutmasyarakat untuk berbelanja.
2017-09-04 06:00:00,444744,16,"Sementara itu, Presiden Joko Widodo menyatakan bahu a tingkat inflasi pada masa mendatang diperkirakan bakal tetap dapat terjaga meski ada sejumlah faktor yang tetap perlu diwaspadai seperti dampak anomali cuaca terhadap sejumlah komoditas pangan."
2017-09-04 06:00:00,444744,17,"Presiden Jokowi menyampaikan dalam penyampaian keterangan pemerintah atas RUU RAPBN 2018 di Jakarta, Rabu (21/8), inflasi diperkirakan tetap dapat terjaga di tingkat 3,5 persen, antara lain karena hal tersebut didukung oleh perbaikan kapasitas produksi nasional, stabilisasi harga, serta harga komoditas global yang masih relatif rendah."
2017-09-04 06:00:00,444744,18,"Walaupun demikian, ujar Presiden, dampak cuaca terhadap harga komoditas pangan menjadi risiko yang juga perlu untuk dipertimbangkan."
2017-09-04 06:00:00,444744,19,"Hal tersebut, lanjutnya, karena cuaca merupakan salah satu faktor yang dapat menyebabkan kenaikan inflasi."
2017-09-04 06:00:00,444744,20,"Untuk itu, Presiden menyatakan bahwa penguatan koordinasi kebijakan moneter, fiskal dan Sektor Riil tentunya akan terus ditempuh dan ditingkatkan untuk lebihmendukungterjaminnya stabilitas harga di dalam negeri."
2017-09-04 06:00:00,444744,21,Sedangkan Menteri Koordinator Bidang Perekonomian Dar-minNasutionoptimistislajuinflas 5 sepanjang 2017 masih bisa mencapai di bawah empat persen kendati pada awal-awal tahun inflasi cukup tinggi.
2017-09-04 06:00:00,444744,22,"Prospek Rendah Analis dan \T of Market Research FXTM Jameel Ahmadmen-gatakan, prospek inflasi di Indonesia tetap rendah meski bank Indonesia memberikan kejutan kepada pasar dengan memangkas Suku Bunga acuan pekan lalu."
2017-09-04 06:00:00,444744,23,"""Konsensus mengatakan bahwa bank Indonesia menggunakan inflasi rendah sebagai peluang untuk menetapkan Suku Bunga pinjaman yang lebih rendah,"" kata Jameel Ahmad, Selasa (29/8)."
2017-09-04 06:00:00,444744,24,"Menurut dia, dengan langkah memangkas Suku Bunga yang dilakukan bank sentral tersebut, ternya ta Rupiah tetap stabil dan tidak mengalami momentum jual, bahkan tampak sedikit menguat pada awal pekan perdagangan."
2017-09-04 06:00:00,444744,25,"la berpendapat bahwa walaupun sentimen yang melemah terhadap dolar AS memperkuat sebagian besar mata uang terhadap dolar, namun ada optimiSME dari investor bahwa pemangkasan Suku Bunga lagi di Indonesia tidak akan memberi dampak negatif terhadap Rupiah."
2017-09-04 06:00:00,444744,26,"Selain itu, tingkat inflasi Indonesia yang melambat pada bulan Juli 2017 dinilai juga mengakibatkan kondisi perekonomian nasional pada jangka panjang cenderung stabil sehingga sentimen terhadap ekonomi juga menguat."
2017-09-04 06:00:00,444744,27,"Sebagaimana diketahui, harga konsumen di Indonesia bergerak dengan laju lebih lambat di.bulan Juli, dengan tingkat inflasi tahunan Indonesia sebesar 3,88 persen masih sesuai dengan target tahunan BI yaitu 3-5 persen."
2017-09-04 06:00:00,444744,28,"bank Indonesia memperkirakan laju inflasi pada 2018 bisa dibawah 3,5 persen dengan ca-tatanpemerinrahtidakmelakukan penyesuaian harga untuk komoditas yang harganya diatur pemerintah atau ""administered prices""."
2017-09-04 06:00:00,444744,29,"""Angka proyeksi BI sedikit dibawah 3,5 persen untuk 2018,"" kata Asisten Gubernur Departemen Kebijakan ekonomi dan Moneter BI Dody Budi Waluyo dalam pelatihan wartawan di Yogyakarta, Senin (28/8)."
2017-09-04 06:00:00,444744,30,"Dody menjelaskan ekspektasi ringkat inflasi yang rendah tersebut bisa terjadi apabila pemerintah tidak melakukan kenaikan harga bahan bakar minyak (BBM), Tarif listrik maupun gas."
2017-09-04 06:00:00,444744,31,"Karena itu, berbagai kebijakan pemerintah yang bakal diwujudkan pada masa mendatang juga harus dapat benar-benar dipastikan agar tingkat inflasi nasional be -tul-betul terjaga."
2017-09-04 06:00:00,444744,32,(Ant) / Muhammad Razi Rahman
2017-09-04 06:00:00,444745,0,NERACA  Jakarta-Bank Indonesia dan PT Telkom Indonesia Tbk. berharap pemulihan gangguan sistem keuangan dan perbankan akibat anomali Satelit Telkom 1 dapat selesai tepat waktu pada 10 September 2017.
2017-09-04 06:00:00,444745,1,
2017-09-04 06:00:00,444745,2,"Sementara itu, koneksi 2.591 ATM perbankan sudah pulih hingga akhir Agustus 2017."
2017-09-04 06:00:00,444745,3,"Menurut Gubernur BI Agus DW Martowardojo, perbankan harus memilki rencana keberlangsungan bisnis seperti memiliki jaringan altematif selain jaringan utama sebagai bentuk kehati-ha-tian agar layanan kepada masyarakat tidak terganggu."
2017-09-04 06:00:00,444745,4,Ada pun PT Telekomunikasi Indonesia Tbk sebagai operator satelit menyatakan akan mempercepat pemulihan layanan Satelit Telkom 1 dengan melakukan migrasi ke Satelit Telkom 2 dan Satelit Telkom 3S dengan perkiraan selesai pada 10 September 2017.
2017-09-04 06:00:00,444745,5,"Agus mengatakan, belum mendapatkan laporan terbaru terkait jumlah mesin Anjungan Tunai Mandiri (ATM) yang sudah diperbaiki maupun yang masih terganggu."
2017-09-04 06:00:00,444745,6,"Namun, upaya pemulihan sejumlah jaringan mesin ATM terus dilakukan."
2017-09-04 06:00:00,444745,7,"""Saya belum dapat laporan terakhir tetapi setiap hari diperkirakan paling tidak sudah ada 1.000 ATM yang sudah dikonversi disiapkan."
2017-09-04 06:00:00,444745,8,"Kalau kantor kas ada beberapa yang terganggu, ke depannya hampir semua sudah bisa dihidupkan kembali,"" ujarnya di Jakarta (1/9)."
2017-09-04 06:00:00,444745,9,"Menurut dia, selain bank besar BUKU 4, sejumlah bank kecil juga terdampak akibat krisis satelit ini."
2017-09-04 06:00:00,444745,10,"Namun, dia menilai interkoneksi antar-ATM yang telah terbangun dapat memberikan kemudahan bagi nasabah yang terdampak gangguan tersebut."
2017-09-04 06:00:00,444745,11,bank mdonesia pun berjanji akan terus memantau perkembangan pemulihan gangguan ini dan terus berkoordinasi dengan perbankan maupun lembaga-lembaga terkait.
2017-09-04 06:00:00,444745,12,"Untuk mengantisipasi kebutuhan uang tunai di masyarakat, BI terus mendukung ketersediaan uang tunai di perbankan dan memastikan sistem transfer di perbankan berjalan normal."
2017-09-04 06:00:00,444745,13,"Meski demikian, sistem bank Indonesia Real Time Gross Settlement (BI-RTGS), Sistem Kliring Nasional bank Indonesia (SKNBI), dan bank Indonesia Scripless Securities Settlement System (BI-SSSS) masih berjalan normal."
2017-09-04 06:00:00,444745,14,"Secara terpisah, PT Telkom Indonesia (Persero) Tbk menyatakan telah memulihkan koneksi 2.591 ATM perbankan hingga Rabu (30/8) pagi."
2017-09-04 06:00:00,444745,15,"Sebelumnya, sejak Jumat (25/8), ribuan koneksi ATM terputus pasca gangguan pada layanan satelit Telkom 1."
2017-09-04 06:00:00,444745,16,"Dirut PT Telkom Tbk Alex Sinaga mengatakan, perbankan sebenarnya pelanggan tidak langsung perseroan."
2017-09-04 06:00:00,444745,17,"Pasalnya, layanan koneksi satelit ATM diberikan oleh penyedia Very Small Aperture Terminal (VSAT) yang merupakan pelanggan Telkom."
2017-09-04 06:00:00,444745,18,"""Telkom, dalam hal ini, tidak hanya memberikan perhatian sampai ke pelanggannya sendiri tetapi sampai ke pelanggan dari VSAT provider,"" ujarnya di kantor Kementerian Komunikasi dan Informatika, pekan lalu."
2017-09-04 06:00:00,444745,19,"Alex merinci, total pelanggan satelit 1 Telkom mencapai 63 pelanggan, baik secara langsung maupun tidak langsung."
2017-09-04 06:00:00,444745,20,Total lokasi penangkap sinyal satelit Telkom 1 (ground segmen) mencapai 15 ribu titik di mana sebanyak 12.030 titik di antaranya merupakan ATM.
2017-09-04 06:00:00,444745,21,"Sejak Jumat lalu, menurut dia, perseroan berupaya mempercepat proses migrasi pelanggan dari satelit Telkom 1 ke satelit Telkom 2.Telkom 3S, APSTAR9, dan China-Sat 10."
2017-09-04 06:00:00,444745,22,Proses pemulihan satelit  Telkom 1 untuk penyediaan transponder ke satelit pengganti telah mencapai 100%.
2017-09-04 06:00:00,444745,23,"Selanjutnya, perseroan mengerahkan seribu orang teknisi untuk membantu men-garalikan antena ground segment ke satelit baru."
2017-09-04 06:00:00,444745,24,Alex memperkirakan proses repointing antena seluruh ground segmen bisa rampung paling lambat 10September2017mendatang dengan asumsi perseroan mampu memulihkan koneksi 1.000 ground segmen per hari.
2017-09-04 06:00:00,444745,25,"Sementara, perseroan saat ini masih menghitung total kerugian atas kejadian ini."
2017-09-04 06:00:00,444745,26,"Pada bagian lain, Menteri Komunikasi dan Informatika Rudiantara menegaskan kelanjutan nasib satelit Telkom 1 yang menghadapi anomali sejak Jumat (25/8)."
2017-09-04 06:00:00,444745,27,"Menurut dia, gangguan yang dihadapi besar kemungkinan akan berujung pada berakhirnya masa operasional satelit Telkom I4  bari"
2017-09-04 06:00:00,444746,0,"Ekonomi global masih tak pasti, BI diminta tahan Suku Bunga acuan hingga tahun depan  JAKARTA."
2017-09-04 06:00:00,444746,1,"Berbeda dengan Agustus tahun lalu yang mengalami deflasi, Indeks Harga Konsumen (IHK) bulan Agustus tahun 2017 diperkirakan masih akan mencatat inflasi, walau tipis."
2017-09-04 06:00:00,444746,2,"Sebagian besar ekonom yang dihubungi KONTAN, memperkirakan inflasi Agustus 2017 yang akan diumumkan Badan Pusat Statistik (BPS) hari ini bakal di kisaran 0,04%-0,6%, lebih rendah dari bulan sebelumnya yang sebesar 0,22%."
2017-09-04 06:00:00,444746,3,"Terhitung sejak 2014, inflasi Agustus memang tercatat lebih rendah dari bulan sebelumnya."
2017-09-04 06:00:00,444746,4,"Tahun 2014, inflasi Agustus sebesar 0,47%, Agustus 2015 sebesar 0,39%, dan Agustus 2016 mengalami deflasi 0,02%."
2017-09-04 06:00:00,444746,5,"Ekonom Bank Permata Josua Pardede memperkirakan, inflasi Agustus sebesar 0,05% dan 3,94% year on yea r (YoY)."
2017-09-04 06:00:00,444746,6,"Rendahnya inflasi karena penurunan sejumlah harga ba-han pangan seperti cabai me rah biasa , cabai merah keri-  ting dan bawang merah."
2017-09-04 06:00:00,444746,7,"Walaupun terdapat beberapa harga komoditas yang cenderung naik seperti daging sapi, daging ayam, dan beras."
2017-09-04 06:00:00,444746,8,"Kementerian Perdagangan (Kemdag) mencatat harga rata-rata nasional bawang merah per akhir Agustus Rp 28.212 per kilogram (kg), turun 16,64% dari akhir Juli."
2017-09-04 06:00:00,444746,9,"Pada periode sama, harga rata-rata nasional daging sapi Rp 119.697 per kg, tur""un 2,3%."
2017-09-04 06:00:00,444746,10,"Tak hanya itu, ""Administered prices (harga yang diatur pemerintah) juga cenderung terkendali didorong oleh normalnya Tarif transportasi udara dan antar kota setelah mencapai puncaknya mudik Lebaran,"" kata Josua, Sabtu (2/9)."
2017-09-04 06:00:00,444746,11,"Ekonom Maybank Indonesia Juniman juga memperkirakan, inflasi -bulan lalu 0,04% dan 3,93% YoY."
2017-09-04 06:00:00,444746,12,inflasi Agustus tahun ini sulit mencatat deflasi seperti Agustus 2016.
2017-09-04 06:00:00,444746,13,"Sebab, biaya pendidikan, khususnya perguruan tinggi meningkat."
2017-09-04 06:00:00,444746,14,Harga emas dan perhiasan juga naik.
2017-09-04 06:00:00,444746,15,"Jaga bunga Meski memproyeksi inflasi Agustus sebesar 0,04%, Ekonom Institute for Development of Economics Finance (Indef) Bhima Yudhistira melihat peluang deflasi masih tetap terbuka."
2017-09-04 06:00:00,444746,15.1,"Bhima juga mengatakan, perlunya antisipasi inflasi musiman yang akan datang, khususnya November dan Desember."
2017-09-04 06:00:00,444746,16,"""Karena libur Natal dan tahun baru, ada kenaikan permintaan terutama pangan dan angkutan,"" kata Bhima."
2017-09-04 06:00:00,444746,17,"Bhima juga optimistis, laju inflasi hingga akhir tahun masih berada di level yang aman, sebesar 4%-4,3%, meski sedikit di atas inflasi tahun lalu."
2017-09-04 06:00:00,444746,18,Sehingga hal ita memberi pelu-ang bank Indonesia (BI ) nn-  ruk kembali memangkas Suku Bunga acuannya (BI 7-Day Reverse Repo Rate) sebesar 25 basis points (bps).
2017-09-04 06:00:00,444746,19,"Akan tetapi, ""Kalau turun lagi tahun ini tekanan eksternalnya masih besar terutama kondisi geopolitik, Fed Rate dan perubahan balance sheet Fed,"" tambah Bhima."
2017-09-04 06:00:00,444746,20,"Ekonom SKHA institute for Global Competitiveness Eric Sugandi juga melihat ada potensi deflasi pada Agustus, meskipun ia memprediksi inflasi 0,05%."
2017-09-04 06:00:00,444746,21,"Namun, meski inflasi stabil rendah, Eric berharap BI tetap menahan Suku Bunga acuannya di level 4,5% sepanjang sisa tcthun ini, bahkan hingga  tahun depan."
2017-09-04 06:00:00,444746,22,"""Karena real interst rate-nya, (Suku Bunga nominal-ekspektasi inflasi) sudah di bawah 1%, berisiko jika BI pangkas lagi dalam situasi global yang masih banyak ketidakpastian,"" kata Eric."
2017-09-04 06:00:00,444746,23,"Meski begitu, Ekonom Bank Central Asial (BCA) David Sumual justru memperkirakan IHK bulan lalu mencatat deflasi 0,03%."
2017-09-04 06:00:00,444746,24,Hal itu dipengaruhi oleh deflasi pada kelompok harga pangan yang bergejolak dan administered prices.
2017-09-04 06:00:00,444746,25,"""Permintaan secara agregat juga cenderung stagnan dan ada faktor ekspektasi yang mendorong inflasi rendah,"" tambah David."
2017-09-04 06:00:00,444746,26,Adinda Ade Mustami
2017-09-04 06:00:00,444747,0,Otoritas Jasa Keuangan (OJK) menyebut pasar modal mampu memberikan pembiayaan kepada perusahaan mencapai Rp 170.1 triliun hingga akhir tahun.
2017-09-04 06:00:00,444747,1,"Jumlah itu turun 14,87 persen dari capaian 2016 sebesar Rp 19537 triliun."
2017-09-04 06:00:00,444747,2,"Secara umum, Sektor jasa keuangan tahun ini diperkirakan dapat menyalurkan pembiayaan sebesar Rp 717 triliun."
2017-09-04 06:00:00,444747,3,"Di mana 73 persen dana tersebut berasal dari Sektor perbankan nasional, dan sisanya 24 persen dari Sektor pasar modal dan sisanya dari Sektor industri Keuangan Non bank (IKNB)."
2017-09-04 06:00:00,444747,4,"Ketua Dewan Komisioner OJK Wimboh Santoso mengatakan, saat ini masih terdapat jurang pembiayaan (funding gap), sehingga perlu mendorong peran pasar modal Indonesia khususnya dalam membiayai infrastruktur."
2017-09-04 06:00:00,444747,5,"Wimboh menyadari, nilai tersebut masih jauh dari kebutuhan investasi nasional."
2017-09-04 06:00:00,444747,6,"""Makanya ke depan kami akan terus mendorong pasar modal Indonesia untuk lebih berkembang menjadi saJah satu sumber pendanaan jangka panjang yang signifikan bagi dunia usaha, dan juga bagi pemerintah untuk membiayai berbagai program pembangunan nasional, khususnya pembangunan infrastruktur,"" jelas Wimboh dalam keterangannya kepada Rakyat Merdeka."
2017-09-04 06:00:00,444747,7,"""Kami terus berupaya membangun kredibilitas dan pendalaman pasar modal kita dengan mendorong IPO (initial public offering/penawaran saham perdana) dan jumlah investor domestik yang lebih banyak, menyediakan produk pasar modal yang lebih beragam, menyiapkan infrastruktur pasar modal yang lebih handal dan kompetitif, menyederhanakan proses penawaran umum, memperkuat penerapan Good Corporate Governance emiten, serta melanjutkan edukasi bagi investor,"" imbuhnya."
2017-09-04 06:00:00,444747,8,
2017-09-04 06:00:00,444747,9,"Senada dengan Wimboh, Bank Indonesia (BI) pun melihat saat ini penumbuhan pembiayaan korporasi melalui pasar modal hingga Juli jauh lebih pesat jika dibandingkan dengan penyaluran kredit perbankan."
2017-09-04 06:00:00,444747,10,Permintaan kredit dari korporasi per Juli hanya tumbuh 82 persen dibanding Juli 2016 yang tercatat sebesar Rp 4.1633 triliun.
2017-09-04 06:00:00,444747,11,Direktur Departemen Surveillance Sistem Keuangan BI Linda Maulidina mengatakan tak hanya pemintaan kredit yang mulai tumbuh.
2017-09-04 06:00:00,444747,12,
2017-09-04 06:00:00,444747,13,"BI juga mencatat total penerbitan aksi korporasi sepanjang tujuh bulan pertama tahun ini mencapai Rp 164,3 triliun, naik 4336 persen dari periode yang sama tahun sebelumnya Rp 114,6 triliun."
2017-09-04 06:00:00,444747,14,"""Jumlah pembiayaan dari perbankan tetap lebih banyak, tapi pertumbuhannya lambat jika dibandingkan dengan yang dari pasar modal,"" kata Linda saat ditemui Rakyat Merdeka."
2017-09-04 06:00:00,444747,15,
2017-09-04 06:00:00,444747,16,"Linda melanjutkan, untuk pendanaan dari pasar modal sendiri terdapat beberapa jenis aksi korporasi yang dilakukan, seperti IPO, rights issue, obligasi korporasi, medium terms note (MTN), dan Negotiable Certificate Deposito (NCD)."
2017-09-04 06:00:00,444747,17,
2017-09-04 06:00:00,444747,18,Penerbitan didominasi obligasi korporasi yang lebih ditujukan untuk refinancing.
2017-09-04 06:00:00,444747,19,"Sementara total penerbitan obligasi korporasi hingga Juli 2017 sebesar Rp 86 5 triliun, tumbuh 4837 persen dari Rp 583 triliun."
2017-09-04 06:00:00,444747,20,"Ia berharap, pertumbuhan kredit perbankan bisa semakin marak di semester II ini."
2017-09-04 06:00:00,444747,21,"Pasalnya, khusus untuk perusahaan kosntruksi, tidak dapat hanya mengandalkan dari obligasi untuk mengembangkan proyeknya."
2017-09-04 06:00:00,444747,22,"Karena infrastruktur butuh jangka panjang, sementara obligasi sulit untuk jangka panjang."
2017-09-04 06:00:00,444747,23,"Tak hanya itu, pertumbuhan kredit perbankan dan penerbitan aksi korporasi dapat saling beriringan."
2017-09-04 06:00:00,444747,24,"Namun, ia juga mengakui, mayoritas korporasi lebih memilih pasar modal karena tingkat Suku Bunga yang lebih rendah."
2017-09-04 06:00:00,444747,25,
2017-09-04 06:00:00,444747,26,dwi
2017-09-04 06:00:00,444755,8,"Dengan kata lain, terdapat risiko sistemik pada industri berbasis digital."
2017-09-04 06:00:00,444755,9,"Oleh karena itu, perlu mitigasi menyeluruh dalam ekosistem, mulai dari perencanaan, implementasi, hingga pemantauan."
2017-09-04 06:00:00,444755,10,Peta jalan sistem perdagangan nasional berbasis elektronik telah dimulai pada November 2016 saat paket kebijakan ekonomi jilid 14 diterbitkan.
2017-09-04 06:00:00,444755,11,Paket kebijakan ini bertujuan membangun pranata dan ekosistem perniagaan yang lebih efisien melalui perangkat digital.
2017-09-04 06:00:00,444755,12,Pemerintah ingin menempatkan Indonesia sebagai negara dengan kapasitas digital ekonomi terbesar di Asia Tenggara pada tahun 2020.
2017-09-04 06:00:00,444755,13,"Mimpi ini berdasarkan realitas mengingat kita adalah salah satu pengguna internet dan telepon pintar terbesar di dunia, masing-masing dengan pengguna lebih dari 90 juta dan 70 juta orang."
2017-09-04 06:00:00,444755,14,"Dalam paket kebijakan jilid 14 ditargetkan terciptanya 1.000 technopreneurs dengan nilai bisnis 10 miliar dollar AS, sedangkan nilai perdagangan elektronik mencapai 130 miliar dollar AS pada 2020."
2017-09-04 06:00:00,444755,15,Penunjukan Jack Ma sebagai penasihat merupakan bukti ambisi pemerintah untuk membuat Indonesia menjadi pemain penting di tingkat global.
2017-09-04 06:00:00,444755,16,"Grup Alibaba, perusahaan yang didirikan Jack Ma, merupakan toko elektronik terbesar di China yang menawarkan aneka produk, mulai dari alat kecantikan hingga otomotif dan properti Kapitalisasi Alibaba di bursa saham New York termasuk salah satu yang terbesar atau sekitar 360 miliar dollar AS."
2017-09-04 06:00:00,444755,17,"Dengan lebih dari 400 juta pelanggan, perusahaan yang baru didirikan pada 1999 ini diproyeksikan memiliki kenaikan pendapatan lebih dari 40 persen pada beberapa tahun mendatang."
2017-09-04 06:00:00,444755,18,"Jack Ma sendiri memiliki kekayaan sekitar 27,4 miliar dollar AS sehingga termasuk salah satu orang terkaya di dunia Ironi Di tengah ambisi menjadi pemain global, gangguan yang dialami ribuan ATM di Indonesia menjadi sebuah ironi Mengutip pengumuman salah satu bank, kerusakan terjadi pada ATM yang menggunakan teknologi satelit parabola atau very small aperture terminal (VSAT)."
2017-09-04 06:00:00,444755,19,Teknologi ini umumnya digunakan untuk mengoperasikan ATM di daerah terpencil yang sulit diakses.
2017-09-04 06:00:00,444755,20,"Jadi, kerusakan ini tak berpengaruh banyak pada bisnis utama perbankan yang lebih banyak di daerah perkotaan dengan basis infrastruktur teknologi lebih baik."
2017-09-04 06:00:00,444748,0,JAKARTA.
2017-09-04 06:00:00,444748,1,"Investor asing semakin agresif masuk ke pasar obligasi Indonesia, setelah bank Indonesia (BI) menurunkan Suku Bunga acuan, BI 7-day reverse repo rate menjadi 4,5%."
2017-09-04 06:00:00,444748,2,"Ini tampak dari kepemilikan asing pada surat berharga negara (SBN) per 30 Agustus 2017 yang mencapai Rp 785,32 triliun."
2017-09-04 06:00:00,444748,3,"Angka ini naik 1,16% dalam sebulan dan 14,55% sejak awal tahun atawa year to date (ytd)."
2017-09-04 06:00:00,444748,4,BI memangkas Suku Bunga acuan pada 22 Agustus lalu.
2017-09-04 06:00:00,444748,5,"Saat itu, porsi asing di SBN baru sebesar Rp 778,60 triliun."
2017-09-04 06:00:00,444748,6,"""Ada faktor penurunan Suku Bunga acuan yang menjadi indikator positif,"" ungkap I Made Saputra, Analis Fixed Income MNC Sekuritas."
2017-09-04 06:00:00,444748,7,Penurunan Suku Bunga acuan BI jadi kesempatan asing untuk mencari celah mengoleksi portofolio investasi.
2017-09-04 06:00:00,444748,8,"Namun, prospek surat berharga negara kita ke depan bakal dipengaruhi oleh agenda bank sentral dunia, terutama Amerika Serikat dan Eropa."
2017-09-04 06:00:00,444748,8.1,"Toh, Made bilang, selisih imbal hasil yang pemerintah kita tawarkan masih jauh lebih menarik dibanding negara lain."
2017-09-04 06:00:00,444748,9,"""Imbal surat utang Jerman untuk 10 tahun 0,38%, sedang Indonesia 6,75%,"" kata Made memberi contoh."
2017-09-04 06:00:00,444748,10,"Dengan demikian, rencana AS dan Eropa menaikkan Suku Bunga belum tentu bisa menyebabkan dana asing keluar dari pasar obligasi negara berkembang termasuk Indonesia."
2017-09-04 06:00:00,444748,11,"Apalagi, dengan menimbang proyeksi ekonomi kita yang terus membaik."
2017-09-04 06:00:00,444748,12,"Made optimistis, komposisi dana asing di SBN akan terus menanjak."
2017-09-04 06:00:00,444748,13,Prediksinya dana asing di SBN naikjadi Rp 830 triliun di akhir tahun.
2017-09-04 06:00:00,444748,14,Tane Hadiyantono
2017-09-04 06:00:00,444749,0,"Pembiayaan Perbankan I Hingga Juli 2017, Penyaluran Kredit Tumbuh 7,9 Persen secara Yoy"
2017-09-04 06:00:00,444749,0.1,OJK mendorong penurunan suku bunga perbankan karena laju inflasi yang relatif rendah dan terkendali serta diikuti penurunan suku bunga acuan Bank Indonesia 7 Day Reverse Repo Rate.
2017-09-04 06:00:00,444749,1,JAKARTA - Penyaluran kredit pada Juli 2017 mulai menunjukkan tren kenaikan.
2017-09-04 06:00:00,444749,2,Tren tersebut seiring dengan turunnya rata-rata bunga kredit bulan lalu sehingga mendorong sektor riil atau dunia usaha mulai mencairkan kredit dari bank.
2017-09-04 06:00:00,444749,3,"Data Statistik Bank Indonesia (BI) menunjukkan penyaluran kredit perbankan pada Juli 2017 mencapai 4.494 triliun rupiah atau tumbuh 7,9 persen dari periode sama tahun lalu atau year on year (yoy), lebih tinggi dibandingkan bulan sebelumnya 7,6 persen."
2017-09-04 06:00:00,444749,4,Kenaikan kredit secara umum itu tumbuh merata ke masing-masing jenis kredit berdasarkan fungsi dan kegunaannya.
2017-09-04 06:00:00,444749,5,"Kredit Modal Kerja (KMK) mencapai 2.077,3 triliun rupiah atau meningkat 7,5 persen dibanding periode yang sama tahun sebelumnya (yoy)."
2017-09-04 06:00:00,444749,6,Dibandingkan bulan sebelumnya pertumbuhannya hanya tujuh persen.
2017-09-04 06:00:00,444749,7,"""Kenaikan tersebut ditopang oleh sektor perdagangan, hotel dan restoran, dan sektor konstruksi yang masing-masing tumbuh meningkat dari 4,4 persen dan 28,1 persen menjadi sebesar 5,2 persen dan 30,7 persen,"" menurut laporan BI, beberapa waktu lalu."
2017-09-04 06:00:00,444749,8,"Sementara itu, Kredit Investasi (KI) juga tumbuh dari 6,1 persen pada Juni 2017 menjadi 6,2 persen pada bulan Juli."
2017-09-04 06:00:00,444749,9,"Peningkatan pertumbuhan terutama terjadi pada sektor industri pengolahan serta sektor keuangan, real estate, dan jasa perusahaan yang masing-masing meningkat dari 3,5 persen dan 12,1 persen menjadi 4,4 persen dan 14,2 persen pada bulan Juli 2017."
2017-09-04 06:00:00,444749,10,"Sedangkan penyaluran kredit konsumtif tercatat sebesar 1.306,7 triliun rupiah atau tumbuh 10,1 persen secara tahunan, lebih tinggi dari pertumbuhan di bulan sebelumnya, yakni 9,9 persen."
2017-09-04 06:00:00,444749,11,"Pertumbuhan itu, jelas bank sentral, berbanding lurus dengan tren penurunan suku bunga kredit yang berlanjut hingga Juli 2017."
2017-09-04 06:00:00,444749,12,"Berdasarkan data statistik uang beredar BI, rata-rata suku bunga kredit perbankan turun empat basis poin (bps) pada Juli dibanding bulan sebelumnya menjadi 11,73 persen."
2017-09-04 06:00:00,444749,13,"Sejak Januari 2016-Juli 2017, BI telah memangkas suku bunga acuannya sebesar 150 basis poin (bps)."
2017-09-04 06:00:00,444749,14,"Kemudian, pada Rapat Dewan Gubernur BI bulan ini, bank sentral kembali memangkas BI-7DRRR sebesar 25 bps menjadi 4,5 persen."
2017-09-04 06:00:00,444749,15,"Inflasi Rendah Ketua Dewan Komisioner Otoritas Jasa Keuangan (OJK), Wimboh Santoso, pekan lalu seusai menghadap Presiden Joko Widodo mengaku diinstruksikan agar pihakViya selaku otoritas mendorong penurunan suku bunga perbankan karena laju inflasi yang relatif rendah dan terkendali serta diikuti penurunan suku bunga acuan 7 Day Reverse Repo."
2017-09-04 06:00:00,444749,16,"""Suku bunga kredit selalu diupayakan turun, tanpa mengganggu industri, terutama perbankan,"" kata Wimboh."
2017-09-04 06:00:00,444749,17,"Sebab itu, pihaknya akan melihat kendala dan memonitor proses penurunan suku bunga perbankan sambil mengingatkan bank agar transparan mengenai suku bunga."
2017-09-04 06:00:00,444749,18,"Sementara itu, Gubernur BI, Agus, memperkirakan suku bunga perbankan bisa turun dalam dua kuartal atau enam bulan mendatang."
2017-09-04 06:00:00,444749,19,"Sebab itu, target pertumbuhan kredit 10-12 persen tahun sulit dicapai meskipun suku bunga berhasil diturunkan."
2017-09-04 06:00:00,444749,20,Lembaganya juga merevisi target kredit tahun ini menjadi 8-10 persen dan pada 2018 baru ditargetkan tumbuh 10-12 persen.
2017-09-04 06:00:00,444749,21,bud/E-10
2017-09-04 06:00:00,444750,0,"SEMARANG - Otoritas Jasa Keuangan mencatat non performing loan (NPL) bank perkreditan rakyat (BPR) di Jawa Tengah mencapai 7,36% per Juni 2017."
2017-09-04 06:00:00,444750,1,Jumlah ini berada di atas rata-rata kredit bermasalah BPR secara nasional.
2017-09-04 06:00:00,444750,2,"Statistik Perbankan Indonesia per Juni yang dikeluarkan OJK per Agustus 2017 lalu menunjukkan NPL sebesar 6,93%."
2017-09-04 06:00:00,444750,3,"Namun jika ditarik ke belakang dalam era pengawasan Bank Indonesia dan Otoritas Jasa Keuangan, NPL BPR secara nasional ini terus membesar dari tahun ke tahun."
2017-09-04 06:00:00,444750,4,"Tercatat NPL 2012 sebesar 4,75%, 2013 (4,41%), 2014 (4,75%), 2015 (537%), 2016 (5,83%)."
2017-09-04 06:00:00,444750,5,"Direktur Pengawas Lembaga Jasa Keuangan Regional 3 Jateng dan Daerah Istimewa Yogyakarta Hizbullah mengatakan meski NPL berada di atas 5%, tidak ada BPR di Jawa Tengah yang masuk dalam pengawasan khusus oleh otoritas."
2017-09-04 06:00:00,444750,6,Pasalnya regulator melihat pengelola BPR masih mencatatkan untung.
2017-09-04 06:00:00,444750,7,"""BPR agak berbeda dengan bank umum."
2017-09-04 06:00:00,444750,8,Bank umum [capai] threshold di atas 5% kondisinya parah.
2017-09-04 06:00:00,444750,9,Kalau BPR NPL di atas 5 % masih untung.
2017-09-04 06:00:00,444750,10,"Jadi NPL 5%-7% masih menghasilkan laba,"" kata Hizbullah di Semarang, Kamis (31/8)."
2017-09-04 06:00:00,444750,11,"OJK mencatat aset BPR secara nasional hingga Juni 2017 mencapai Rpll6,64 triliun."
2017-09-04 06:00:00,444750,12,"Sedangkan untuk wilayah Regional 3 mencapai Rp31,4 triliun."
2017-09-04 06:00:00,444750,13,"Jumlah ini terdiri dari aset BPR di wilayah Yogyakarta Rp5,4 triliun, di Jateng sebesar Rp26 triliun."
2017-09-04 06:00:00,444750,14,"""BPR likuiditasnya masih bagus."
2017-09-04 06:00:00,444750,15,"Masih tumbuh dengan baik, sehingga masih bisa dilakukan kegiatan."
2017-09-04 06:00:00,444750,16,"CAR (capital aeduacy ratio) juga tinggi di atas 20%, kondisinya masih bagus dan terkendali,"" katanya."
2017-09-04 06:00:00,444750,17,(Anggara Pernando)
2017-09-04 06:00:00,444751,0,JAKARTA - Laju indeks harga saham gabungan (IHSG) di Bursa Efek Indonesia berpeluang menguat dan menguji rekor tertinggi baru pekan ini.
2017-09-04 06:00:00,444751,1,"Dari dalam negeri, investor akan memperhatikan rilis data inflasi maupun cadangan devisa (cadev) pada Agustus 2017."
2017-09-04 06:00:00,444751,2,Sedangkan sentimen dari sisi eksternal masih berasal dari kondisi geopolitik terkait aksi Korea Utara (Korut).
2017-09-04 06:00:00,444751,3,"Pada perdagangan terakhir Kamis (31/8) pekan lalu, IHSG ditutup melemah 8,45 poin atau 0,14% ke level 5.864,06."
2017-09-04 06:00:00,444751,4,"""Namun, saya meyakini, IHSG dapat bergerak dalam rentang support-resistance pada kisaran 5.810-5.960 pada satu pekan ke depan,"" ujar Kepala Riset PT Koneksi Kapital Alfred Nainggolan kepada Investor Daily di Jakarta, akhir pekan lalu."
2017-09-04 06:00:00,444751,5,"Alfred menuturkan, pekan lalu, IHSG sempat kembali mencapai level tertinggi (all time high) 5.016."
2017-09-04 06:00:00,444751,6,"Namun, setelah pencapaian tersebut, indeks disambut dengan akslprofit taking hingga akhirnya bergerak ke level 5.864 pada penutupan perdagangan Kamis (31/8)."
2017-09-04 06:00:00,444751,7,"Menurut dia, koreksi laju IHSG ini masih dalam kondisi yang wajar."
2017-09-04 06:00:00,444751,8,"""Investor juga merespons dengan melakukan profit taking dalam kisaran 3-4 hari saat IHSG mencapai level tertingginya pada April maupun Juli lalu."
2017-09-04 06:00:00,444751,9,"Selain itu, pada pekan lalu, ada aksi peluncuran rudal oleh Korut yang melintas di atas wilayah Jepang."
2017-09-04 06:00:00,444751,10,
2017-09-04 06:00:00,444751,11,"Ini menjadi salah satu sentimen pemberat bagi bursa saham secara global, termasuk Indonesia,"" paparnya."
2017-09-04 06:00:00,444751,12,"Sejalan dengan prediksi laju IHSG yang menguat pada pekan ini, Alfred optimistis indeks dapat bergerak ke level resistance 5.890 dan support 5.850 pada perdagangan Senin (4/9) ini."
2017-09-04 06:00:00,444751,13,"""Pergerakan IHSG masih bagus pada Senin, tapi memang posisi resistance-nya tidak setinggi prediksi yang seminggu."
2017-09-04 06:00:00,444751,14,"Soalnya, prediksi rentang 5.850-5.890 itu masih mengantisipasi aksi jual dari investor asing,"" ungkap dia."
2017-09-04 06:00:00,444751,15,"Alfred menjelaskan lebih lanjut, pada pekan ini, pihaknya optimistis IHSG berpeluang kembali mencapai all time high."
2017-09-04 06:00:00,444751,16,"Level 5.960 dapat terealisasi, lanjut dia, dengan catatan aliran net flow investor asing di pasar saham kembali deras."
2017-09-04 06:00:00,444751,17,"Sementara itu, berdasarkan data PT Bursa Efek Indonesia (BEI), pada penutupan perdagangan pekan lalu total beli bersih (net buy) investor asing secara year to date (ytd) tersisa Rp 484,7 miliar."
2017-09-04 06:00:00,444751,18,"""Secara historis, pada September, posisi net flow investor asing biasanya sudah kembali dan alirannya cukup besar, sehingga dapat menjadi sentimen penguatan IHSG."
2017-09-04 06:00:00,444751,19,"Namun, kita juga perlu memperhatikan kondisi geopolitik, walau saat ini mulai mengendur tapi kalau sampai kembali memanas jelas dapat menjadi pemberat indeks,"" ungkap dia."
2017-09-04 06:00:00,444751,20,"Sedangkan analis PT Binaartha Sekuritas M Nafan Aji Gusta Utama memperkirakan, pada Senin ini tren laju IHSG akan bullish."
2017-09-04 06:00:00,444751,21,"Sebab, berdasarkan pantauan untuk daily chart, ia melihat ada pola bullish hammer candle."
2017-09-04 06:00:00,444751,22,"Seiring dengan itu, rentang support-resistance IHSG dapat mencapai 5.827-5.900 pada perdagangan hari ini."
2017-09-04 06:00:00,444751,23,"Sedangkan untuk prediksi laju indeks satu pekan ke depan, ia menilai IHSG berpotensi sideway."
2017-09-04 06:00:00,444751,24,"Pasalnya, secara global pelaku pasar masih memperhatikan potensi sanksi baru yang akan dikeluarkan oleh Dewan Keamanan (DK) Perserikatan Bangsa Bangsa (PBB) kepada Korut pascape-luncuran rudal pekan lalu."
2017-09-04 06:00:00,444751,25,"Ia berharap, ke depan, situasi geopolitik bisa lebih stabil sehingga dana investasi tidak akan berbondong-bondong lagi beralih ke instrumen safe haven."
2017-09-04 06:00:00,444751,26,"Inflasi Diperkirakan Rendah  Alfred mengatakan, data inflasi Agustus 2017 yang akan dirilis pekan ini diperkirakan masih berada dalam level yang rendah."
2017-09-04 06:00:00,444751,27,"""Sejauh ini, kondisi fundamental di Indonesia memang masih cukup mendukung arah penguatan IHSG."
2017-09-04 06:00:00,444751,28,"Untuk faktor global, pada pekan lalu, data pertumbuhan gross domestic product (GDP) Amerika Serikat ternyata juga berhasil mencapai 3%."
2017-09-04 06:00:00,444751,29,"Jadi menurut saya, so far keadaan domestik kita pun oke,"" tandas dia."
2017-09-04 06:00:00,444751,30,"Ia menambahkan, saat ini, sentimen dari hasil laporan keuangan emiten sudah habis."
2017-09-04 06:00:00,444751,31,"Namun, kenaikan harga komoditas seperti batubara, nikel, dan timah diharapkan dapat sedikit menunjang saham sektor mining."
2017-09-04 06:00:00,444751,32,"Selain itu, pekan lalu, Presiden Joko Widodo membeberkan rencana pengadaan satu gedung yang melayani single submission dengan target peluncuran pada 2018."
2017-09-04 06:00:00,444751,33,"Alfred menegaskan, single submission jelas dapat menjadi pelengkap dari Pelayanan Terpadu Satu Pintu (PTSP) yang sudah terlebih dahulu dikeluarkan."
2017-09-04 06:00:00,444751,34,"Jika melalui PTSP pemerintah fokus dengan aspek perizinan, kini melalui single submission pemerintah fokus pada persoalan pelaksanaannya."
2017-09-04 06:00:00,444751,35,"""Hal itu dapat menjadi pertimbangan yang positif bagi investor, karena melihat rencana pembangunan infrastruktur kita yang masih masif,"" ujar dia."
2017-09-04 06:00:00,444751,36,"M Nafan Aji mengatakan, selain inflasi, pekan ini juga ada rilis data manufaktur, indeks keyakinan konsumen, maupun data kunjungan wisatawan periode Agustus 2017."
2017-09-04 06:00:00,444751,37,Data tersebut dapat menjadi katalis positif untuk pergerakan IHSG pekan ini.
2017-09-04 06:00:00,444751,37.1,"""Untuk satu pekan ke depan, IHSG akan menguji kembali ke rekor baru."
2017-09-04 06:00:00,444751,38,"Oleh karena itu, saya memprediksi, rentang support-resistance IHSG berpeluang berada dalam kisaran 5.760-5.940,"" papar dia."
2017-09-04 06:00:00,444751,39,"Dorong Pertumbuhan Ekonomi Dihubungi terpisah, analis PT OSO Sekuritas Riska Afriani menuturkan, aksi profit taking yang terjadi sebelumnya membuat IHSG berpeluang berbalik arah pekan ini."
2017-09-04 06:00:00,444751,40,"Apalagi, selama satu pekan ini ada banyak data ekonomi yang dirilis, seperti indeks kepercayaan konsumen, cadev, inflasi, maupun data manufaktur periode Agustus 2017."
2017-09-04 06:00:00,444751,41,"Untuk inflasi, ia memperkirakan kondisinya masih akan relatif stabil."
2017-09-04 06:00:00,444751,42,Indeks kepercayaan konsumen juga berpeluang kembali naik.
2017-09-04 06:00:00,444751,43,"Pasalnya, jika menilik rekam jejak selama Juni dan Juli lalu terlihat ada tren kenaikan."
2017-09-04 06:00:00,444751,44,"Adapun data Bank Indonesia (BI) menunjukkan, indeks kepercayaan konsumen sebesar 122,4 pada Juni Posisi 31 Agusus 2017 ""Posisi30Agustus2017 lalu, kemudian menanjak menjadi 123,4 pada akhir Juli 2017."
2017-09-04 06:00:00,444751,45,"Ia juga memperkirakan data manufaktur Indonesia pada Agustus 2017 meningkat sejalan dengan kenaikan aktivitas bisnis, setelah pada akhir Juli lalu hanya sebesar 48,6 atau turun dari posisi Juni 49,5 dan Mei 50,6."
2017-09-04 06:00:00,444751,46,Selain prediksi data ekonomi yang akan lebih baik pada Agustus 2017.
2017-09-04 06:00:00,444751,47,"Riska mengatakan, BI juga baru saja memangkas suku bunga acuan BI 7-Day (Reverse) Repo Rate menjadi 4,5%."
2017-09-04 06:00:00,444751,48,"Diharapkan, pelonggaran moneteryang terjadi bisa ikut mendorong kenaikan pertumbuhan ekonomi ke depan."
2017-09-04 06:00:00,444751,49,"Sementara itu, pasar saham sudah merespons dengan cepat saat suku bunga acuan BI tersebut diturunkan beberapa waktu lalu."
2017-09-04 06:00:00,444751,50,
2017-09-04 06:00:00,444751,51,"""Penurunan suku bunga acuan tersebut merupakan salah satu strategi agar negara ini dapat meraih pertumbuhan ekonomi sebesar 5,4% pada 2018,"" ucap dia."
2017-09-04 06:00:00,444751,52,"Pasalnya, penurunan suku bunga acuan dapat membantu perbankan untuk menurunkan suku bunga deposito, yang pada akhirnya akan berlanjut pada penurunan suku bunga kredit."
2017-09-04 06:00:00,444751,53,"Berdasarkan data uang beredar (M2) yang dipublikasi BI, sampai Juli 2017, rata-rata suku bunga kredit di perbankan mencapai 11,77%."
2017-09-04 06:00:00,444751,54,"Sementara itu, rata-rata suku bunga simpanan di perbankan dengan tenor 1-24 bulan sudah di level 6,56-7,04%."
2017-09-04 06:00:00,444751,55,"Perihal suku bunga acuan AS, Riska mengungkapkan, untuk sementara ini isu mengenai rencana Federal Reserve System (The Fed) menaikkan Fed Funds Rate (FFR) belum menjadi concern pasar."
2017-09-04 06:00:00,444751,56,Ini karena The Fed kemungkinan masih fokus untuk mendorong pertumbuhan ekonomi dan target inflasinya.
2017-09-04 06:00:00,444751,57,"Pada pekan ini, lanjut dia, IHSG berpeluang bergerak pada level support-resistance 5.850-5.917."
2017-09-04 06:00:00,444751,58,"Tren laju IHSG kita berpeluang bullish, dengan prediksi level tertinggi yang selanjutnya tidak berada jauh dengan pencapaian rekor yang lalu, yakni 5.916."
2017-09-04 06:00:00,444751,59,"Soalnya, meski aliran net buy investor asing kemungkinan dapat kembali naik pada sisa semester II ini, tapi rasanya ruang investor asing berbalik arah dengan signifikan pekan ini masih terlalu sempit,"" ungkap dia."
2017-09-04 06:00:00,444751,60,Rekomendasi Saham Sejalan dengan prediksi IHSG yang berkisar 5.760-5.940 pekan bi.
2017-09-04 06:00:00,444751,61,Nafan memaparkan prediksi harga saham 10 emiten dengan kapitalisasi pasar (market cap) terbesar di BEI.
2017-09-04 06:00:00,444751,62,"Dimulai dengan saham PT Telekomunikasi Indonesia Tbk (TLKM), lanjut dia, pihaknya merekomendasikan buy on weakness (bow) dengan prediksi level support Rp 4.575 per unit."
2017-09-04 06:00:00,444751,62.1,"""Adapun permasalahan Satelit Telkom 1 itu rasanya sudah tidak mendatangkan sentimen pada pekan ini."
2017-09-04 06:00:00,444751,63,"Pasarnya, Telkom masih memiliki Satelit 2 dan 3,"" ujar dia."
2017-09-04 06:00:00,444751,64,"Untuk potensi pergerakan saham PT Bank Central Asia Tbk (BBCA), dia memprediksi lajunya sideway."
2017-09-04 06:00:00,444751,65,Kondisi tersebut dapat dimanfaatkan jika investor ingin masuk saat harga saham BCA telah berada di level support yang diprediksi Rp 18.700 per saham.
2017-09-04 06:00:00,444751,66,"Di sisi lain, bagi investor yang ingin mengakumulasi, Nafan mengingatkan untuk tetap mewaspadai aksi profit taking."
2017-09-04 06:00:00,444751,67,"Mengenai saham PT Hanjaya Mandala Sampoerna Tbk (HMSP), dia memprediksi berpeluang rebound dan potensi level support-resistance berkisar Rp 3.520-3.770."
2017-09-04 06:00:00,444751,68,"Kemudian, harga saham emiten di urutan ke-4 dalam kategori 10 big cap PT Unilever Indonesia Tbk (UNVR), diyakini masih berpeluang mencoba menguat ke level resistance Rp 51.000 pekan ini."
2017-09-04 06:00:00,444751,68.1,"Sedangkan untuk saham PT Bank Rakyat Indonesia Tbk (BBRI), ia memprediksi level support-resistance saham berkode BBRI ini berada dalam rentang Rp 14.900-15.500."
2017-09-04 06:00:00,444751,69,"Untuk harga saham PT Astra International Tbk (ASH), diyakini akan menguji level resistance Rp 8.075 dan berpeluang naik ke level resistance lanjutan di posisi Rp 8.235."
2017-09-04 06:00:00,444751,70,"Namun, untuk potensi support-nya berada di level Rp 8.075 per saham."
2017-09-04 06:00:00,444751,71,"Nafan juga memaparkan potensi pergerakan saham emiten ke-7 dalam kategori 10 big cap, yakni PT Bank Mandiri Tbk (BMRI)."
2017-09-04 06:00:00,444751,72,
2017-09-04 06:00:00,444751,73,"Menurut dia, saham emiten bank tersebut masih direkomendasikan untuk diakumulasi."
2017-09-04 06:00:00,444751,73.1,Adapun prediksi level resistance yang terdekat dari saham Bank Mandiri diyakini mencapai Rp 13.375 dan level resistance jauhnya dapat menyentuh Rp 13.675.
2017-09-04 06:00:00,444751,74,"""Kemudian, karena Bank Mandiri sudah memutuskan untuk melakukan stock split dengan rasio 12, saya memprediksi harga satuan sahamnya dapat menjadi Rp 6.950,"" papar dia."
2017-09-04 06:00:00,444751,75,"Senada, saham PT Gudang Garam Tbk (GGRM) juga diprediksi menguat, dengan potensi level resistance Rp 71.975 per saham."
2017-09-04 06:00:00,444751,76,"Untuk prediksi pergerakan saham PT Bank Negara Indonesia Tbk (BBNI), dipastikan masih berpeluang menguat Harga saham emiten berkode BBNI tersebut dapat menyentuh level resistance sebesar Rp 7.500 pada pekan ini."
2017-09-04 06:00:00,444751,76.1,"Sementara itu, Nafan menuturkan, ada kekhawatiran terjadi aksi profit taking untuk saham PT United Tractors Tbk (UNTR)."
2017-09-04 06:00:00,444751,77,"Oleh sebab itu, dia memilih merekomendasikan buy on weakness kepada investor yang ingin mengakumulasi saham emiten berkode UNTR tersebut."
2017-09-04 06:00:00,444751,78,Adapun prediksi level support untuk saham United Tractors mencapai Rp 28.750.
2017-09-04 06:00:00,444751,79,Nafan juga merekomendasikan sejumlah saham lain selama satu pekan ke depan.
2017-09-04 06:00:00,444751,80,"Investor misalnya dapat mencermati pergerakan saham PT Malindo Feedmill Tbk (MAIN), PT Perusahaan Gas Negara Tbk (PGAS), PT Pakuwon Jati Tbk (PWON), PT Semen Indonesia Tbk (SMGR), PTTower Bersama Infrastructure Tbk fJBIG), dan PT Wijaya Karya Beton Tbk (WTON)-  Sedangkan Riska memilih untuk merekomendasikan saham PT Adaro Energy Tbk (ADRO), PT Telekomunikasi IndonesiaTbk, PT Semen IndonesiaTbk, PT PP Tbk (PTPP), PT Adhi Karya Tbk (ADHI), dan FT Indofood ICB Sukses Makmur Tbk (ICBP)."
2017-09-04 06:00:00,444751,81,"""Saya merekomendasikan sejumlah saham hu, karena jika meninjau secara teknikal masih ada potensi penguatan,"" tandas dia."
2017-09-04 06:00:00,444751,81.1,"Sementara itu, Alfred merekomendasikan saham Adaro Energy, BNI, BRI, dan PT Waskita Beton Tbk (WSBP)."
2017-09-04 06:00:00,444751,82,
2017-09-04 06:00:00,444751,83,"Sedangkan analis PT Reliance Sekuritas Lanjar Nafi mengatakan, pada pekan ini, investor dapat memperhatikan saham PT Ace Hardware Indonesia Tbk (ACES), PT Alam Sutra Realty Tbk (ASRI), PT Chareon Pokphand Indonesia Tbk (CPIN), PT Indotambangraya Megah Tbk (TTMG), PT Ramayana Lestari Sentosa Tbk (RALS), PT Semen Indonesia Tbk, dan PT Semen Batunya Tbk (SMBR)."
2017-09-04 06:00:00,444751,84,Devie Kania
2017-09-04 06:00:00,444752,0,Pembelian obligasi korporasi dianggap pinjaman  JAKARTA.
2017-09-04 06:00:00,444752,1,Tanggapan beragam datang terkait rencana Bank Indonesia (BI) merelak-sasi aturan loan to funding mtio (LFR).
2017-09-04 06:00:00,444752,2,"Dalam relaksasi ini, kelak obligasi korporasi yang dibeli perbankan dapat diakui sebagai pinjaman, sehingga istilah LFR bisa berubah menjadi financing to funding mtio (FFR)."
2017-09-04 06:00:00,444752,3,"Bagi bank yang mempunyai likuiditas tipis, aturan ini jelas menguntungkan karena bisa meningkatkan rasio LFR."
2017-09-04 06:00:00,444752,4,"Namun bagi bank yang masih memiliki likuiditas tinggi, ketentuan tersebut bisa menurunkan rasio LFR mereka."
2017-09-04 06:00:00,444752,5,"Seperti diketahui, rentang LFR yang diizinkan regulator perbankan berkisar 80%-92%."
2017-09-04 06:00:00,444752,6,"Jika kurang dari atau melebihi aturan tersebut, maka bank harus membayar denda dalam nominal tertentu."
2017-09-04 06:00:00,444752,7,Namun BI memberikan pengecualian bagi bank yang tidak meme-nuhi aturan LFR asalkan memenuhi rasio kecukupan modal alias capital adequacy ratio (CAR) serta rasio kredit UMKM.
2017-09-04 06:00:00,444752,8,"Bank Negara Indonesia (BNI) sebagai salah satu bank yang mempunyai rasio kredit terhadap simpanan (LDR) 88,93%, menyambut baik aturan ini."
2017-09-04 06:00:00,444752,9,"Panji Irawan Direktur Treasury dan Internasional BNI mengatakan, sampai akhir tahun 2017, pihaknya berpotensi menambah portofolio surat berharga."
2017-09-04 06:00:00,444752,10,"""Untuk obligasi korporasi non-bank yang dibeli BNI berasal dari beragam segmen industri,"" terang Panji kepada KONTAN, Sabtu (2/9)."
2017-09-04 06:00:00,444752,11,Sebagian besar surat berharga yang dimiliki BNI saat ini diterbitkan pemerintah.
2017-09-04 06:00:00,444752,12,"Jan Hendra, Sekretaris Perusahaan Bank Central Asia (BCA) menyatakan masih akan mempelajari rencana relaksasi likuiditas BI."
2017-09-04 06:00:00,444752,13,"""Kami perlu meneliti dengan baik sebelum membeli,"" ujar Jan, Minggu (3/9)."
2017-09-04 06:00:00,444752,14,"Menurut Jan, saat ini porsi obligasi korporasi yang dimiliki BCA masih di bawah 5% dari total kredit."
2017-09-04 06:00:00,444752,15,"Iman Nugroho Soeko, Direktur Keuangan dan Treasury Bank Tabungan Negara (BTN) kepada KONTAN menjelaskan, BTN yang memiliki LDR hingga 111,5% akan lebih berhati-hati terhadap aturan ini."
2017-09-04 06:00:00,444752,16,"Saat ini BTN telah mengoleksi beberapa obligasi korporasi, semisal obligasi PT Hutama Karya Kriteria obligasi Berdasarkan data Otoritas Jasa Keuangan (OJK), hingga Juni 2017, obligasi korporasi yang dibeli bank mencapai Rp 544,3 triliun atau naik 1,62%."
2017-09-04 06:00:00,444752,17,Saat ini obligasi korporasi berjumlah sekitar 13% dibanding total kredit perbankan.
2017-09-04 06:00:00,444752,18,BI memiliki beberapa pertimbangan sebelum mengeluarkan ketentuan baru mengenai likuiditas ini.
2017-09-04 06:00:00,444752,19,"Filianingsih Hendarta, Kepala Departemen Kebijakan Makroprudensial BI bilang BI masih mengkaji apa kriteria obligasi yang bisa masuk penghitungan FFR."
2017-09-04 06:00:00,444752,20,"""Saat ini dalam pengkajian BI, apakah yang boleh masuk FFR itu yang peringkatnya investment grade (layak investasi) atau semuanya,"" kata dia, kemarin."
2017-09-04 06:00:00,444752,21,Dia belum bisa menyebutkan nilai pasti obligasi yang dimiliki bank karena masih harus melihat data lebih rinci.
2017-09-04 06:00:00,444752,22,"Cuma, perkiraan Filianingsih, ada sekitar Rp 136 triliun obligasi korporasi yang ditempatkan di industri perbankan."
2017-09-04 06:00:00,444752,23,"Asian Lubis, Analis Eksekutif Departemen Pengembangan Pengawasan dan Manajemen Krisis Otorias Jasa Keuangan (OJK) menuturkan, kelak penghitungan baru soal likuiditas tersebut akan berpotensi menaikkan LFR perbankan."
2017-09-04 06:00:00,444752,24,"""Kami masih menunggu kajian bagaimana efek FFR ini ke likuiditas bank,"" ujar Asian."
2017-09-04 06:00:00,444752,25,Galvan Yudistira
2017-09-04 06:00:00,444753,0,"OJK akan mengeluarkan surat edaran tentang tata cara pinjam-meminjam, juga surat edaran mengenai electronic know your customer."
2017-09-04 06:00:00,444753,1,ADA ketimpangan antara jumlah kebutuhan pinjaman dan ketersediaan dana pinjaman.
2017-09-04 06:00:00,444753,2,"Karena itu, teknologi yang membuka pintu lebih besar bagi pinjaman dibutuhkan untuk memajukan perekonomian dalan negeri."
2017-09-04 06:00:00,444753,3,"""Jumlah kebutuhan pinjaman sekitar Rpl.600 triliun."
2017-09-04 06:00:00,444753,4,"Padahal, ketersediaan pinjaman hanya Rp600 triliun,"" sebut Direktur Pengaturan, Perizinan, dan Pengawasan Fintech dari Otoritas Jasa Keuangan (OJK) Hendrikus Passagi dalam acara diskusi bertema Alternatif investasi dan kerja sama di era digital di Jakarta, Selasa (29/8)."
2017-09-04 06:00:00,444753,5,Hendrikus meyakini teknologi finansial atau financial technology (tekfin/fintech) bisa menjembatani masalah ketimpangan tersebut.
2017-09-04 06:00:00,444753,6,"Makanya, dia mendukung layanan seperti Crowdo yang memungkinkan pinjaman peer to business (P2B) dari investor di luar negeri dengan pengusaha di dalam negeri."
2017-09-04 06:00:00,444753,7,Crowdo merupakan perusahaan crowdfunding terbesar di Asia yang menawarkan solusi keuangan 2.0 di kawasan ini.
2017-09-04 06:00:00,444753,8,Crowdo termasuk salah satu dari 16 tekfin yang sudah terdaftar di OJK.
2017-09-04 06:00:00,444753,9,Tidak kurang dari 3.500 proyek dari Indonesia telah didanai lewat platform yang dimiliki Crowdo.
2017-09-04 06:00:00,444753,10,"Saat ini, 60% investor yang memberikan pinjaman untuk usaha di Indonesia masih berasal dari domestik."
2017-09-04 06:00:00,444753,11,Sisanya investor berasal dari mancanegara.
2017-09-04 06:00:00,444753,12,"""NamUn, Leo Shimada selaku Co-Founder dan CEO Crowdo mengaku bahwa jumlah itu jauh meningkat dari sebelumnya dan memiliki tren terus meningkat sejak mereka terdaftar di OJK."
2017-09-04 06:00:00,444753,13,Dia berkeyakinan hal itu erat kaitannya dengan tingkat kepercayaan terhadap tekfin saat peminjam dan pemberi pinjaman tidak bertemu secara langsung.
2017-09-04 06:00:00,444753,14,"""Dulu kecenderungannya 99% invetor domestik ingin bertemu karena merasa lebih nyaman bila di kemudian hari ada masalah,"" ujarnya."
2017-09-04 06:00:00,444753,15,Ini mengindikasikan kepercayaan meningkat bila perusahaan tekfin terdaftar di OJK.
2017-09-04 06:00:00,444753,16,"Sangat mudah Selain 16 tekfin yang sudah terdaftar, masih ada 44 lain yang masih dalam proses mengajukan pendaftaran di OJK."
2017-09-04 06:00:00,444753,17,Lalu ada 35 layanan peer to peer lend- ingyang juga menyatakan minat untuk mendaftar di OJK.
2017-09-04 06:00:00,444753,18,"Dari 16 tekfin terdaftar, baru delapan yang melaporkan angka pemberian pinjaman dengan nilai akumulasi mencapai hampir Rpl triliun."
2017-09-04 06:00:00,444753,19,"Menurut Hendrikus, dalam industri tekfin sebenarnya sangat mudah untuk memperoleh calon pemberi pinjaman."
2017-09-04 06:00:00,444753,20,Kesulitannya justru mencari calon peminjam yang layak karena perlu kehati-hatian mengakses risikonya.
2017-09-04 06:00:00,444753,21,"Dalam waktu dekat, OJK akan mengeluarkan surat edaran tentang tata cara pinjam-meminjam, juga surat edaran mengenai EKYC (electronic know your customer)."
2017-09-04 06:00:00,444753,22,Surat edaran itu diharapkan bisa semakin melindungi dan memudahkan pihak-pihak dalam alur pinjam-meminjam lewat fintech.
2017-09-04 06:00:00,444753,23,"Sebelumnya, Bank Indonesia juga siap meluncurkan peraturan untuk mendukung perkembangan industri tekfin pada triwulan empat 2017."
2017-09-04 06:00:00,444753,24,"Menurut Deputi Gubernur Senior BI Mirza Adityaswara di Yogyakarta, Senin (28/8), peraturan tekfin yang diikuti regulasi mengenai kerangka kerja sandbox memberikan kesempatan kepada pelaku bisnis start-up untuk meluncurkan inovasi produk, jasa, dan model bisnis yang matang."
2017-09-04 06:00:00,444753,25,Tujuan sandbox ialah agar para pelaku tekfin dapat menguji sistem dan bisnis mereka dengan rentang waktu tertentu sebelum dioperasikan secara penuh.
2017-09-04 06:00:00,444753,26,(Ant/S-4)
2017-09-04 06:00:00,444754,0,"Pemerintah lokowi -JK dalam menjaga momentum pertum buhan ekonomi yang mengalami perbaikan yaitu 5,1 % pertahun dan diproyeksikan akan meningkat lagi karena memiliki komitmen yang serius dan tidak melakukan eksperimen baru ketika menghadapi pertumbuhan ekonomi yang menurun."
2017-09-04 06:00:00,444754,1,"Komitmen yang serius tersebut tercermin dari program 1MEP (Infrastruktur, Maritim, Energi, Pertanian) yang dicanangkan oleh pemerintah."
2017-09-04 06:00:00,444754,2,"Selain komitmen, pemerintah juga memiliki kredibiltas dan kecakapan untuk membangun diatas dasar pondasi politik yang kokoh yang dapat terwujud harmonisasi komunikasi politik di-wiJayah parlemen sehingga berkontribusi mendukung kebijakan politik pemerintah."
2017-09-04 06:00:00,444754,3,"Pembuat kebijakan mengerti bahwa, pertumbuhan tidak hanya terjadi secara mendadak namun berdasarkan prinsip pengoiganisasian politik ketika mulai memegang kekuasaan pemerintah."
2017-09-04 06:00:00,444754,4,"Dalam bukunya yang terkenal, The Mystery of Capital Why Capitalism Thriumphs in the West and Fails Everywhere tise (2000), (fernando de Soto menyalakan, salah satu prasyarat yang dibutuhkan untuk memberikan ke-sempaian masyarakat miskin mengembangkan usahanya adalah reformasi hak kepemilikan, yaitu jaminan kepemilikan aset yang terdokumentasi alau sah yang bisa dijadikan modal untuk bersaing di sektor perekonomian."
2017-09-04 06:00:00,444754,5,Penayaan adalah dapatkah pemerintah mempertahankan momentum pertumbuhan ekonom] Indonesia hingga tahun 2019 dengan mengutamakan kepentingan rakyat terlibat penuh dalam pembangunan?
2017-09-04 06:00:00,444754,6,"Dengan tidak melibatkan rakyat akan menyebabkan ketimpangan, padahal berdasarkan laporan Thie World Development yang disampaikan Rodriguez (2000) berjudul Inequality Economic Growth and Economic Performance melihat ketimpangan membawa efek kepada pertumbuhan ekonomi (PDB) dan kinerja perekonomian."
2017-09-04 06:00:00,444754,7,"Mengejar Pertumbuhan Ekonomi Pengalaman di negara-negara berkembang pesat, pembuatkebi-jakar."
2017-09-04 06:00:00,444754,8,memahami bahwa pembangunan yang sukses memerlukan komitmen selama beberapa dekade dan adanya tawaran mendasar antara masa sekarang dan masa depan.
2017-09-04 06:00:00,444754,9,Balikan pada tingkat pertumbuhan yang sangat tinggi yaitu 7-10 persen dibutuhkan waktu puluhan tahun bagi sebuah ne--garii untuk membuat lompatan duri pendapatan rendah sampai relatif tinggi.
2017-09-04 06:00:00,444754,10,Namun Indonesia dalam kurun waktu 5 tahun pemerintahan Jokoui - JK sudah berupaya melakukan lompatan yang jauh kedepan agar dapat mengejar tingkat pertumbuhan menengah yaitu 6 persen.
2017-09-04 06:00:00,444754,11,"Memberikan diskripsi narasi tersebut, perlu kiranya melihat lebih cermat upaya pemerintah mengarahkan fokus pembangunan pada maritim, pangan dan energi sebagai salah satu aspek solu-tif untukmemajukan perekonomian Indonesia."
2017-09-04 06:00:00,444754,12,"Pembangunan infrastruktur dianggarkan sebesar Rp 169 triliun (dialokasikan pada Kementerian Pekerjaan Umum Rp81,33 triliun, Kementerian Perhubungan Rp44,9 triliun, Kementerian ESDM Rp10 triliun, Kementerian Perumahan Rakyat Rp4,6 triliun)."
2017-09-04 06:00:00,444754,13,"Sementara sesuai dengan fokus pemerintah yaitu pembangunan prioritas pada sektor maritim, energi dan pangan dengan anggaran Rp107 triliun rupiali."
2017-09-04 06:00:00,444754,14,Pembangunan dan perbaikan infrastruktur sangat menentukan dalam menjaga tingkat pertumbuhan ekonomi.
2017-09-04 06:00:00,444754,15,Buruknya kondisi infrastruktur ini berdampak langsung pada rendahnya dap saing perekonomian.
2017-09-04 06:00:00,444754,16,Hal ini dapat dilihat dari tingginya biaya logistik di Indonesia yang mencapai 2-1 persen dari biaya produksi.
2017-09-04 06:00:00,444754,17,Bandingkan dengan Thailand (13 persen) sena Vietnam dan Malaysia (15 persen).
2017-09-04 06:00:00,444754,18,"Harlbrd dalam bukunya th e Undercover Economist (2006)"" menyebutkan, pemikir ekonomi menggunakan cara pikir bahwa kekayaan ekonomi datang dari kombinasi man made resources sepeili jalan reva, pabrik-pabrik, mesin dan sistem komunikasi, modal insani seperti kerja keras dan pendidikan dan technological resources seperti teknikal know-how atau teknologi tinggi yang sederhana."
2017-09-04 06:00:00,444754,19,"Sejak tahun 2011, belanja untuk infrastruktur meningkat sangat signifikan."
2017-09-04 06:00:00,444754,20,"Dan, dihaiapkan akan terus berlanjut ke tahun berikutnya, sehingga dinara; kan bisa mengejar negara lainnja, seperti China dan India yang belanja infrastrukturnya terhadap PDB telah di atas 7 persen."
2017-09-04 06:00:00,444754,21,Saat ini.
2017-09-04 06:00:00,444754,22,Imlonesia hanya di level 4 persen.
2017-09-04 06:00:00,444754,23,Setidaknya sampai Tahun2017.
2017-09-04 06:00:00,444754,24,ada24-l proyek strategis nasional (PSN) yang tersebar dari Sabang sampai Merauke dengan nilai investasi lebih dari Rp 4.000 triliun.
2017-09-04 06:00:00,444754,25,"Beberapa dari pro;, ek itu telah selesai dikerjakan."
2017-09-04 06:00:00,444754,26,"Kemajuan pembangunan in-frastrukturdieralokoMyaihi pembangunan jal an Trans Papua; revitalisasi Bandara Silangit di Sumut; revitalisasi Bandara Komodo di Labuan Bajo-NTT; Tol Trans Jawa sampai Batang dan Tol Trans Jawa sampai Solo; Pembangunan bandara dan pc .buhan Tapaleo, Bicoli dan Wayabula di Maluku Utara; pembangunan jalan sepanjang 1.900 Km dari Kalimantan Barat ke Kalimantan Utara; pembangunan pembangkit listrik 35GW; penyediaan kapal terjadwal lewat program to) laut; pembangunan 69 bendungan diseluruh Indonesia hingga tahun 2019."
2017-09-04 06:00:00,444754,27,Pemerintah sedang membangun Palapa Ring yakni infrastruktur serat optik sepanjang 36.000 Km untuk menjangkau 440 kabupaten/kota seluruh Indonesia.
2017-09-04 06:00:00,444754,28,Palapa Ring akan selesai pada tali un 2018.
2017-09-04 06:00:00,444754,29,"Disamping itu, pemerintah akan membangun infrastruktur jaringan internet dengan satelit yang ditargetkan selesai tahun 2021."
2017-09-04 06:00:00,444754,30,"Target infrastruktur nasional tahun 20J 8 \aitu sektor sumber daya air membangun 47 bendungan (11 baru, 36 masih berlang sung); 106 Km pembangunan sarana dan prasarana pengendalian banjir; pembangunan dan peningkatansaninadan prasarana pengamanan pantai (11 Km); pembangunan jaringan irigrasi baru (54.000 hektar); rehabilitasi jaringan irigasi (160.000 hektar); pembangunan pengendali laliar/-sedimen (16); pembangunan eni-bung (54 buah); pembangunan sarana danprasaranu pengelolaan air baku (4,5m3 per delik)."
2017-09-04 06:00:00,444754,31,"Sektor jalan yaitu pembangunan jalan sepanjang864 Km, preservasi jalan sepanjang46.000 Km, pembangunan jembatan (8.037m)."
2017-09-04 06:00:00,444754,32,"pembangunan jalan layang;terowongan (588 Km), pembangunan tol (25 Km) dan preservasi jembatan (197.3i5 m)."
2017-09-04 06:00:00,444754,33,"Sektor perumahan yaitu pembangunan rumah khusus (5000,unit); rumah susun (6.238 unit), PSU perumahan (15.400 unit) dan rumah swadaya (180.000 unit)."
2017-09-04 06:00:00,444754,34,"Sektor cipta kaiya yaitu pembangunan SPAM (13.059 liter/detik), penanganan infrastruktur kawasan permukiman perkotaan (1990 ha), penanganan infrastruktur kawasan permukiman perdesaan (867 haj, pengolahan air limbah (648.018 KK) dan pelayanan sistem persampahan (2.072.904KK)."
2017-09-04 06:00:00,444754,35,"Politik anggaran yang dicanangkan oleh Pemerintahan Jokoui - JK tersebut, diharapkan dalam 5 tahun masa pemerintahan dapat memperbaiki kondisi 1MEP yang sela ma ini belum men -dapat perhatian serius dari era sebelumnya."
2017-09-04 06:00:00,444754,36,"Selain itu, mencermati dari komposisi politik anggaran tersebut, pemerintah berupaya melakukan balance antara sektor investasi publik dan mendukung investasi swasta sehingga mengurangi trade off."
2017-09-04 06:00:00,444754,37,"Jika lebih mendalam lagi dicermati, seolah-olah pemerintah akan melakukan perintisan lagi memulai dari awal dalam membangun berbagai elemen infrastruktur tersebut yang tentunya hal ini dapat berjalan apabila masa pemerintahan dapal berjalan lagi 5 tahun kedepan."
2017-09-04 06:00:00,444754,38,"Prospek cerah pertumbuhan ekonomi Indonesia tahun 2017 tercermin daridata yang dirilis Bank sentral yang memprediksi pertumbuhan ekonomi Indoneia mencapai 5,1 persen pada tahun 2017."
2017-09-04 06:00:00,444754,39,"Sementara, prediksi versi pemerintah kemungkinan berkisar antara 5,1 sampai 5,2 persen."
2017-09-04 06:00:00,444754,40,"Pada tahun 2018, pertumbuhan ekonomi Indonesia diperkirakan berkisar antara 5,1 sampai 5,3 persen."
2017-09-04 06:00:00,444754,41,"Kemudian, pada tahun 2019, pertumbuhan ekonomi Indonesia terus bergerak naik ke kisaran 5,3 sampai 5,7 persen."
2017-09-04 06:00:00,444754,42,"Setelah itu, pertumbuhan ekonomi langsung menuju level 6 persenan (tahun 2020-2021)."
2017-09-04 06:00:00,444754,43,Prediksi tersebut bukan perkiraan diatas kertas dan janji belaka tetapi dari komitmen dan startegi pemerintah yang sudah mulai dari awal merintis program IMEP.
2017-09-04 06:00:00,444754,44,"Salah satu contoh yang telah dilakukan oleh Tiongkok, Thailand dan Vietnam yang mengalami ringkat pertumbuhan GDP, 5-7 persen dalam periode 1971 s.d 2004, dan negera-negara tersebut berhasil menjagamomentum per-tubuhan ekonominya hingga saat ini, terkait belanja publiknya di investasikan untuk pembangunan infrastruktur (jalan, jembatan, pelabuhan udara dan laut) dan komunikasi jang berfungsi bentuk investasi pelayanan pemerintah kepada publik dan sektor swasta, yang memiliki multi players effek terhadap pembangunan ekonomi berkelanjutan."
2017-09-04 06:00:00,444754,45,Namun pemerintah di tiga negara tersebut juga sangat berkosentrasi dalam pembangunan pendidikan dan kesehatan sebagai investasi SDM untuk men-dukungpercepatan investasi yang berkelanjutan.
2017-09-04 06:00:00,444754,46,"Realisasi Kinerja Badan Koordinasi Penanaman Modal menyebutkan realisasi investasi Penanaman Modal Dalam Negeri (PMDN) dan Penanaman Modal Asing PMA pada kuartal I 2017 mencapai Rp 165,8 triliun."
2017-09-04 06:00:00,444754,47,"Adapun investor lima besar yang berinvestasi di Indonesia adalah Singapura(2,lmiliardollarASalau 28,2 persen), Jepang (1,4 miliar dollar .AS atau 19.2 persen), China (0,6 miliar dollar AS atau 8,2 persen), Amerika Serikat (0,6 miliar dollar AS atau 8,2 persen), dan Korea Selatan (0,4 miliar dollar AS atau5,8persen)."
2017-09-04 06:00:00,444754,48,"Angka igj tumbuh 13,2 persendian dingkan Rp 146,5 triliun pada periode yang sama tahun lalu."
2017-09-04 06:00:00,444754,49,Adapun realisasi investasi tersebut menyerap 194.000 tenaga kerja.
2017-09-04 06:00:00,444754,50,"Data realisasi PMAdan PMDN kuartal 12017 ini menggambarkan bahwa minat imestasi di Indonesia tetap tinggi dan target tahun 2017 sebesar Rp 678,8 trili un akundapat tercapai."
2017-09-04 06:00:00,444754,51,Bal ikan sebaran investasi itu mengalami penyebaran di wila\ ah Indonesia walaupun masih terfokus di pulau Jawa.
2017-09-04 06:00:00,444754,52,"Realisasi investasi di Pulau Jawa sebesar Rp 90,5 triliun pada kuartal J 2017."
2017-09-04 06:00:00,444754,53,"BKPM mencatat, realisasi investasi berdasarkan lokasi proyek terbesar adalah di Jawa Barat (Rp 29,3 triliun atau 17,7 persen), DKI Jakarta (Rp 24,2 triliun atau 14,6 persen), Jawa Timur (Rp 12.6 triliun atau 7,6 persen)."
2017-09-04 06:00:00,444754,54,"Banten (Rp 12,4 triliun atau 7,4 persen), dan Jawa Tengah (Rp 11 ,f) triliun atau 7,2 persen)."
2017-09-04 06:00:00,444754,55,"Keberhasilan yang mui.ii dirintis tersebut, tid ak terlepas dari tawaran -yang diberikan pemerintah kepada masyarakatyang harus dikomunikasikan secara kredibel terkait visi masa depan dan strategi untuk mencapainya."
2017-09-04 06:00:00,444754,56,"Menarik sepfcrri dikemukakan oleh Mahmoud Mohieldin, Profesor ekonomi dan keuangan di Universitas Kairo, seorang profesor kehormatan di Durham University dan anggota Dewan Penasehat di Durbxn Business Schoo) mengatakan,reformasi ekonomi bisa mahal kelikamasyarakat menarik diri dari wilayah politikpemerintoh."
2017-09-04 06:00:00,444754,57,Jadi setelah beberapa prestasi pemerintah mungkin mulai rileks atau menikmati status quo dari keberhasikin meniaga momentum pertumbuhan ekonomi.
2017-09-04 06:00:00,444754,58,"Tapi yang penting yang harus dilakukan pemerintah adalah usahi yang berkelanjutan, bukan pasang surut atau ongkos dan pergantian reformasi ekonomi."
2017-09-04 06:00:00,444754,59,Semuanegarabaikyangsudah berkembang pesat pertumbuhan ekonominya dan tahap perbaikan sama-samamemiliki kemampuan dalam mengidentifikasi karakteristik mengejar penumbuhan tinggi tetapi akan mengalamikesulitan untuk mengetahui bagaimana meniru karakteristiktersebut.
2017-09-04 06:00:00,444754,60,"Selain itu, usaha yang sudah dirintis oleh pemerintah saat ini dalam mengelola ekonomi yang sedang berkembang bukan merupakan tantangan statis."
2017-09-04 06:00:00,444754,61,"Hal ini lebihinirip dengan perjalanan panjang yang dilakukan grafik yang tidak lengkap dan terkadang tidak akurat, tetapi hanya dapat diselesaikan dengan akurat melalui kerja nyata."
2017-09-04 06:00:00,444754,62,"Agung Virdianto, Mahasiswa Pasca Sarjana dan Komunitas Pengkajian Studi Perbandingan Ilmu Ekonomi-Politik  Agung Virdianto"
2017-09-04 06:00:00,444755,0,"Di pengujung Agustus lalu, ada dua berita yang menarik perhatian."
2017-09-04 06:00:00,444755,1,"Pertama, gangguan ribuan mesin anjungan tunai mandiri atau ATM milik II bank akibat kerusakan satelit Telkom 1."
2017-09-04 06:00:00,444755,2,Bank BCA menjadi bank yang paling mengalami gangguan dengan 5.700 ATM bermasalah.
2017-09-04 06:00:00,444755,3,"Sejumlah 2.000 ATM Bank Mandiri pun bermasalah, juga 1.500 ATM Bank BNI, 321 ATM Bank BRI, dan 100 ATM Bank BTN."
2017-09-04 06:00:00,444755,4,"Berita kedua, pengumuman Jack Ma, pendiri sekaligus CEO Grup Alibaba, menjadi penasihat tim pengarah penyusunan peta jalan perdagangan elektronik Indonesia."
2017-09-04 06:00:00,444755,5,Apa kaitan keduanya?
2017-09-04 06:00:00,444755,6,Tidak ada.
2017-09-04 06:00:00,444755,7,"Namun, ada pelajaran penting yang bisa dipetik dari dua berita itu, yakni pada era digital, kelengahan sederhana di satu bagian kecil dalam mata rantai sistem digital bisa berimplikasi luas."
